<?xml version="1.0" encoding="UTF-8"?>
<feature
      id="org.eclipse.ptp.pldt"
      label="%featureName"
      version="1.0.0"
      provider-name="%providerName">

   <description>
      %description
   </description>

   <copyright>
      %copyright
   </copyright>

   <license>
      %license
   </license>

   <url>
      <discovery label="%updateSiteName" url="http://update.eclipse.org/technology/ptp/releases"/>
   </url>

   <requires>
      <import plugin="org.eclipse.core.resources"/>
      <import plugin="org.eclipse.team.core"/>
      <import plugin="org.eclipse.core.runtime"/>
      <import plugin="org.eclipse.text"/>
      <import plugin="org.eclipse.debug.core"/>
      <import plugin="org.eclipse.ui"/>
      <import plugin="org.eclipse.debug.ui"/>
      <import plugin="org.eclipse.ui.ide"/>
      <import plugin="org.eclipse.jface.text"/>
      <import plugin="org.eclipse.ui.workbench.texteditor"/>
      <import plugin="org.eclipse.ui.editors"/>
      <import plugin="org.eclipse.core.expressions"/>
      <import plugin="org.eclipse.core.boot"/>
      <import plugin="org.eclipse.core.variables"/>
      <import plugin="org.eclipse.ui.views"/>
      <import plugin="org.eclipse.search"/>
      <import plugin="org.eclipse.compare"/>
      <import plugin="org.eclipse.ui.console"/>
      <import plugin="org.eclipse.core.filebuffers"/>
      <import plugin="org.eclipse.help"/>
      <import plugin="org.eclipse.cdt.core"/>
      <import plugin="org.eclipse.cdt.ui"/>
   </requires>

   <plugin
         id="org.eclipse.ptp.pldt.common"
         download-size="0"
         install-size="0"
         version="1.0.0"/>

   <plugin
         id="org.eclipse.ptp.pldt.help"
         download-size="0"
         install-size="0"
         version="1.0.0"/>

   <plugin
         id="org.eclipse.ptp.pldt.mpi.core"
         download-size="0"
         install-size="0"
         version="1.0.0"/>

   <plugin
         id="org.eclipse.ptp.pldt.openmp.analysis"
         download-size="0"
         install-size="0"
         version="1.0.0"/>

   <plugin
         id="org.eclipse.ptp.pldt.openmp.core"
         download-size="0"
         install-size="0"
         version="1.0.0"
         unpack="false"/>

   <plugin
         id="org.eclipse.ptp.pldt.openmp.ui.pv"
         download-size="0"
         install-size="0"
         version="1.0.0"
         unpack="false"/>

   <plugin
         id="org.eclipse.ptp.pldt.wizards"
         download-size="0"
         install-size="0"
         version="1.0.0"/>

</feature>
